"Machent",
"Hutchins",
"Davidovich",
"Dabnor",
"Henrichsen",
"Kenford",
"Jaan",
"Tomasian",
"Dilrew",
"Reedman",
"Ceyssen",
"Matushevitz",
"Savage",
"Littrell",
"Maulkin",
"Loxdale",
"Harling",
"Boyles",
"Scintsbury",
"Brislane",
"Woodrough",
"Arboine",
"Willacot",
"Kain",
"Packman",
"Veighey",
"Dominichelli",
"Ducker",
"Olivari",
"Launchbury",
"Fareweather",
"Fritchly",
"Osgar",
"Jiran",
"Spelwood",
"Izon",
"Biasioni",
"Squibbes",
"Kunneke",
"McColm",
"Squibbs",
"Millom",
"Sterre",
"Vinick",
"Hevner",
"Piper",
"Collelton",
"Earey",
"Boodle",
"Tarver",
"Wragg",
"Comini",
"Inglefield",
"McLafferty",
"McKniely",
"Blunsom",
"Pack",
"Cubitt",
"Daybell",
"Kiellor",
"Harce",
"Burras",
"Shewen",
"McNeillie",
"Jerrom",
"Milliken",
"Trass",
"Roget",
"Lally",
"Halton",
"Bartzen",
"Mullins",
"Watford",
"Hills",
"Hammel",
"Zelake",
"Yexley",
"Feathersby",
"Barson",
"Braxton",
"Pagden",
"Spellissy",
"MacTerrelly",
"Lebourn",
"Dollman",
"Chelnam",
"Bernardin",
"Jery",
"Rolfs",
"Goold",
"Rodson",
"Markovich",
"Sibthorp",
"Longmuir",
"MacNair",
"Faye",
"Keay",
"Le Quesne",
"Adame",
"Donnett",
"Posnette",
"Tarpey",
"Pikesley",
"Kneesha",
"Seddon",
"Josum",
"Anney",
"Schwaiger",
"Nuzzti",
"Simukov",
"Davidove",
"Stonehouse",
"Morfell",
"Vannikov",
"Godmer",
"Camies",
"Wall",
"Pitchers",
"Jostan",
"Maybey",
"Coard",
"Bossingham",
"Aleso",
"Toogood",
"Bahde",
"Banbury",
"Digg",
"Catterick",
"Bridgeman",
"Izzat",
"Whiten",
"Makepeace",
"Brightwell",
"McInility",
"Klass",
"Boynton",
"Abramowsky",
"Malia",
"Hendron",
"Harbert",
"Scottesmoor",
"Candlin",
"Snadden",
"Darke",
"Knibley",
"Simons",
"Baroch",
"Mackelworth",
"Denison",
"Leyson",
"Mallaby",
"Varndall",
"Frackiewicz",
"Beaten",
"French",
"Braffington",
"Fuentes",
"Skoyles",
"Davidde",
"Cracker",
"Handrock",
"Dowty",
"Flukes",
"Garbutt",
"Lohan",
"Ceschi",
"Arsnell",
"Dorrins",
"Stainburn",
"Sames",
"Spurrett",
"Cherrison",
"Bierman",
"Clearley",
"Rolingson",
"Basnett",
"Frankel",
"Hedge",
"Spiring",
"Carbry",
"Zamudio",
"Mc Gorley",
"Coit",
"Glenn",
"Broyd",
"Guildford",
"Goracci",
"Edler",
"Ludron",
"Bellie",
"Keenlayside",
"Merkle",
"O'Ruane",
"Powlett",
"Deards",
"Brearton",
"Chattelaine",
"Falkner",
"Cawthorn",
"Compfort",
"Gilli",
"Darridon",
"Armall",
"Moreby",
"Feldklein",
"Buckham",
"Blasio",
"Bagster",
"Basten",
"Klazenga",
"Tame",
"Scanlon",
"Benzi",
"Moyle",
"Farndell",
"Bezarra",
"Wasbrough",
"Squibb",
"Kettlestringe",
"Rother",
"Pyecroft",
"Banger",
"MacBrearty",
"Lafranconi",
"Tween",
"O' Kelleher",
"Bloxsum",
"Janssen",
"Boyse",
"Thorogood",
"Wesgate",
"Yandle",
"Pencott",
"Haslen",
"Kimmins",
"Arents",
"Mainston",
"Haye",
"Orpyne",
"Binning",
"Nulty",
"Twiggins",
"Ludron",
"Paniman",
"Spurriar",
"Micklewicz",
"Larraway",
"Nock",
"Vicary",
"Spino",
"Barrowcliffe",
"Loughhead",
"Dunn",
"Deignan",
"Portinari",
"Chadwell",
"Usherwood",
"Creddon",
"Crother",
"Sander",
"Follin",
"McIlriach",
"Marwick",
"Bewfield",
"Fazakerley",
"Hartzog",
"Worner",
"Eade",
"Carette",
"Pepye",
"Thunnercliff",
"Yellowlee",
"Eggins",
"Mabbot",
"Veck",
"Farrall",
"Andersch",
"Haslam",
"Grivori",
"Kinane",
"Kuhndel",
"Pedder",
"Speddin",
"Vasin",
"Vigietti",
"Ivel",
"Casarini",
"Rastall",
"Reid",
"Damant",
"Burgett",
"Duckers",
"Cumpsty",
"Skatcher",
"O'Duane",
"Vigars",
"Bettison",
"Dominiak",
"Mahaddie",
"Reddings",
"Howat",
"Trethowan",
"Mouse",
"Da Costa",
"Woodthorpe",
"Dawtry",
"Ahmad",
"Domerque",
"Nellies",
"Yakobovitz",
"Houlaghan",
"Hinkensen",
"Silversmidt",
"McDonnell",
"Wellbelove",
"Haylands",
"Brimblecombe",
"Dibden",
"Clewley",
"Penhall",
"Austick",
"Brownlie",
"Birckmann",
"Burgum",
"Brooksbie",
"Quarton",
"Sebrens",
"Fairy",
"Ebbins",
"Moorey",
"Brodbin",
"Corkell",
"Croxon",
"Abrahim",
"Giovanardi",
"Belchem",
"Neames",
"Lack",
"Fadian",
"Brickdale",
"MacGlory",
"Errichiello",
"Sterke",
"Brecknall",
"Saffon",
"Kirkam",
"Ansill",
"Dodwell",
"Lobb",
"Constantine",
"Joppich",
"Griffitt",
"Bawcock",
"Strettle",
"Spencook",
"Goodfellow",
"Abisetti",
"Drewery",
"Giorgiutti",
"Driscoll",
"Konneke",
"Stannard",
"Vernon",
"Siddaley",
"Rogeron",
"Stygall",
"Jiroutek",
"Tripet",
"Carek",
"Alcorn",
"Mowsdell",
"Rawlison",
"Wroath",
"Linnard",
"Barrand",
"Hannond",
"Howman",
"Satterfitt",
"Brittian",
"Leathem",
"Cutsforth",
"Sprott",
"Malec",
"Sherer",
"Pochet",
"Bubear",
"Rodway",
"Moniker",
"Kermit",
"Woolley",
"Easeman",
"Buckingham",
"Goodredge",
"Bertholin",
"Keld",
"Aggis",
"Fletcher",
"Vuitte",
"Tarrant",
"Brimilcome",
"Pitkeathly",
"Schmuhl",
"Agirre",
"Salomon",
"Tracy",
"Kingscote",
"Shama",
"Vanns",
"Merryweather",
"Starmont",
"Jendrich",
"Flahy",
"Airy",
"Favell",
"Fullstone",
"Northin",
"Brake",
"Hendren",
"Cauthra",
"Moakes",
"Lewtey",
"Makiver",
"Cosgriff",
"Hawse",
"Redrup",
"Loosely",
"Fawke",
"Saffon",
"Agron",
"Avann",
"Ebbotts",
"Oury",
"Breakspear",
"Jerg",
"Coplestone",
"Selvey",
"Billham",
"Ainslee",
"Goalley",
"Ainsbury",
"Cometto",
"Washington",
"Chettoe",
"Iredale",
"Lindop",
"Barrell",
"Andreasson",
"Woodyear",
"Feedome",
"Coger",
"Ashbee",
"Cheves",
"Majury",
"Rolfo",
"Vern",
"McMeekin",
"Botcherby",
"Batrop",
"Portwaine",
"Fonzone",
"Nunns",
"Burless",
"Eberts",
"Ashurst",
"Finney",
"Huburn",
"Stroobant",
"Guido",
"Stanbridge",
"Ruddiforth",
"Hearmon",
"Sarjant",
"Fullard",
"Wordington",
"Ciccottini",
"Gillingham",
"Bache",
"Vuittet",
"Ettridge",
"Cool",
"Trusty",
"Twyford",
"Dugald",
"Purchase",
"Mellem",
"Akehurst",
"Tash",
"Vanlint",
"Croser",
"Bwy",
"Brun",
"Pawellek",
"Pyburn",
"Odam",
"Barszczewski",
"Piggot",
"Kliner",
"Collie",
"Douberday",
"Stoodley",
"Rummery",
"Goodier",
"Halleybone",
"Howlett",
"Whyborn",
"Newiss",
"Kirkbright",
"Gonzales",
"Le Fevre",
"Elmer",
"Cough",
"Cavey",
"Pryde",
"Adame",
"Moatt",
"Jackling",
"Farlam",
"Seale",
"Rousell",
"Febvre",
"Farrans",
"Garlett",
"Priter",
"Mullane",
"Liebermann",
"Cudiff",
"Letch",
"Stonard",
"Bristoe",
"McCarlich",
"Clement",
"Hammel",
"Christy",
"Bedford",
"Crocumbe",
"Casement",
"Izchaki",
"Ansley",
"Jankovic",
"Hoolaghan",
"Burrett",
"Verriour",
"Sebyer",
"Guard",
"Drydale",
"MacEnelly",
"Meier",
"Berthe",
"Qusklay",
"Dionis",
"Crouse",
"Dowdell",
"Jacop",
"Povey",
"Lewington",
"Drewe",
"Loakes",
"Estoile",
"De la Eglise",
"Yates",
"Jewson",
"Gulleford",
"Bratton",
"Kopfen",
"Harteley",
"Schoenrock",
"Reaney",
"Libero",
"Pezey",
"Evitt",
"Challens",
"Haburne",
"Mingo",
"Cartmael",
"Edgcombe",
"Sieb",
"Blesli",
"Bosward",
"Mill",
"Digance",
"Lygo",
"Pantecost",
"Tyght",
"Edsall",
"Bennington",
"Lawson",
"Grassot",
"Barbie",
"Botwright",
"Danilowicz",
"McRobb",
"Nunnerley",
"Bromige",
"Nodes",
"Aldwich",
"Oakinfold",
"Eyer",
"Bucktharp",
"Maliffe",
"Pickance",
"Miranda",
"Sparrow",
"Pinn",
"Mitchelmore",
"Bendelow",
"Kordas",
"Isherwood",
"Philpot",
"Congram",
"Greatbanks",
"Forsdike",
"Missen",
"Jouhandeau",
"Rosson",
"Escale",
"Grishankov",
"Asken",
"Bellchamber",
"Crush",
"Ghirigori",
"Taborre",
"Becerra",
"Bearn",
"Beranek",
"MacGilmartin",
"Slobom",
"Hunnybun",
"Pottell",
"Losbie",
"Kalinsky",
"Broschek",
"Chapell",
"Paoli",
"Rymer",
"Blunkett",
"Bogies",
"Cullon",
"Gonzalo",
"Hiner",
"Caulcott",
"Guynemer",
"Derricoat",
"Gotcliff",
"Roz",
"Faux",
"Brimley",
"Siviour",
"Canon",
"Beardwood",
"Gardener",
"Prawle",
"Blowick",
"Harbord",
"Cockaday",
"Gullivent",
"Kilpatrick",
"McMennum",
"Brelsford",
"Whapples",
"Stoves",
"Blackaller",
"Felder",
"Pedrozzi",
"Kline",
"Anselmi",
"Clewley",
"Ramos",
"Featley",
"Elnough",
"Ebunoluwa",
"Goley",
"Measor",
"MacPaike",
"Dowry",
"Beagin",
"Bagenal",
"Matzaitis",
"MacCaughey",
"Jerrand",
"Ryde",
"Willstrop",
"Adamov",
"Bernette",
"Davidov",
"Telega",
"Ben",
"Spraggon",
"Lobley",
"Oldroyde",
"Broadberry",
"Roach",
"Foden",
"Mercey",
"Scullion",
"Benley",
"Spinella",
"Price",
"Conner",
"Benmore",
"Ingray",
"Cunniff",
"Halwell",
"Capaldo",
"Oppy",
"Lugard",
"Dumbrill",
"Borit",
"Andrichak",
"Ambrosoni",
"Ferson",
"Megson",
"Cicco",
"McAteer",
"Kock",
"Waterfield",
"Litzmann",
"Follett",
"Eastmond",
"Meni",
"Mosedall",
"Loch",
"McQuin",
"Hillaby",
"Bowser",
"Ghidetti",
"Ballin",
"Palfreeman",
"Linneman",
"Sapsford",
"Sammars",
"Lindwall",
"Connors",
"Jude",
"Janouch",
"Schindler",
"Baynard",
"Chiddy",
"McIllroy",
"Deathridge",
"Gumbley",
"Townsend",
"Knudsen",
"Birchett",
"Berrisford",
"Norcross",
"Scade",
"Krates",
"Jamieson",
"Stainton",
"Tourry",
"Boughen",
"Westfalen",
"La Grange",
"Umfrey",
"Colaton",
"Sand",
"Bartlet",
"Austin",
"Romera",
"Sholl",
"Eddowes",
"Fairbourne",
"Hulkes",
"Mitrovic",
"Wyness",
"Espie",
"Bachs",
"Tafani",
"Ruggieri",
"Joinson",
"Osbourne",
"Flade",
"Scritch",
"McCombe",
"Frangione",
"Pridden",
"Pirt",
"Blastock",
"Harding",
"Huchot",
"Tabrett",
"Screech",
"Reece",
"Ubsdale",
"McGloughlin",
"McDonand",
"Philipson",
"Summerscales",
"Piggott",
"Lamberteschi",
"Eberst",
"Rushe",
"McCerery",
"McTague",
"Corah",
"Gadie",
"Po",
"Craik",
"Spriggen",
"Arsey",
"Hymus",
"Morman",
"Witherden",
"Beiderbecke",
"Hawler",
"Bewshea",
"Slixby",
"Mingard",
"Brosini",
"Ricardin",
"Copcott",
"Juggings",
"Hush",
"Seyffert",
"Biddlestone",
"Bahl",
"Vere",
"Marfell",
"Santhouse",
"Greenset",
"Pendall",
"Eastabrook",
"Kalisz",
"McLugish",
"Larret",
"Barwick",
"Lazenby",
"Yakovlev",
"Maruska",
"Stollenberg",
"Beesley",
"Pugsley",
"Yakunin",
"Leighton",
"Iacopini",
"Silbermann",
"Screase",
"Villiers",
"Peplow",
"Moyers",
"Simonetti",
"Braybrook",
"Garwood",
"Pickthorn",
"Garret",
"Dorian",
"Fulmen",
"Didsbury",
"Brant",
"Sporton",
"Cluely",
"Finlaison",
"Phelipeaux",
"Nestle",
"Sigward",
"Bisiker",
"Donneely",
"Andresen",
"Hatchard",
"Jolliss",
"Thurstance",
"Wain",
"Crawley",
"Smallshaw",
"Chart",
"Legerton",
"De Domenico",
"Spadari",
"Mellers",
"Leidl",
"Siseland",
"Skelbeck",
"O'Collopy",
"Cokly",
"Shadbolt",
"Colles",
"Carvell",
"Filipovic",
"Kinnerk",
"Hannigane",
"Barrott",
"Curd",
"Hazzard",
"Brookfield",
"Beyn",
"Cocher",
"Sandcroft",
"Looby",
"Cockrem",
"Hornig",
"Heddon",
"Monnelly",
"Calderonello",
"Roxbee",
"Byron",
"Phillp",
"Oddey",
"Thuillier",
"Capper",
"de Pinna",
"Beau",
"Creek",
"Aisthorpe",
"Van Castele",
"Anan",
"Tarquini",
"McConway",
"Gotliffe",
"Nannini",
"Skirvin",
"Lacknor",
"Luebbert",
"Everingham",
"Mebs",
"Gounot",
"Brimley",
"Linklater",
"Mordy",
"Filippi",
"Varnes",
"Sivills",
"Fuller",
"Brunone",
"Dossit",
"Peploe",
"Augie",
"Simoncello",
"Gutowski",
"Corson",
"De Pietri",
"Magne",
"Gladdolph",
"Beatson",
"Hakking",
"Cragoe",
"Stains",
"Shiel",
"Dugald",
"Gargett",
"Montier",
"Cleaton",
"Remmers",
"Offell",
"Robbey",
"McIlvoray",
"Joannet",
"Moyer",
"Laroux",
"Gersam",
"Dishman",
"Vell",
"Barefoot",
"Geal",
"Baudou",
"Poacher",
"Cosans",
"Haliburn",
"Licciardi",
"Chettoe",
"Huguenet",
"Runnicles",
"Crawshay",
"Halwood",
"Winckle",
"Gott",
"Northrop",
"Hanbury",
"Bonder",
"Gronno",
"Hurll",
"Corck",
"McElhinney",
"Kerridge",
"Winfindale",
"Lamburne",
"Corston",
"Hadden",
"Delos",
"Ritson",
"Lampkin",
"Twyning",
"MacClenan",
"Celloni",
"Janicki",
"Kunneke",
"Dobrovolski",
"Hierro",
"Decourt",
"MacParlan",
"Begin",
"Kirrage",
"Godmer",
"Matejovsky",
"Layson",
"Dudden",
"Pickless",
"Ellicock",
"Fidal",
"Mattholie",
"Scogings",