"Dalston",
"Karylin",
"Anet",
"Hanson",
"Jeralee",
"Osmund",
"Rae",
"Willie",
"Celka",
"Chryste",
"Shayna",
"Daphne",
"Viva",
"Jacquetta",
"Jorey",
"Dominick",
"Bonnie",
"Jessie",
"Luelle",
"Esma",
"Trixy",
"Robbi",
"Lib",
"Margaretta",
"Gwenette",
"Jordon",
"Rolph",
"Tiphany",
"Morley",
"Hewet",
"Lexie",
"Winifred",
"Demetra",
"Jaquelin",
"Flossy",
"Roanna",
"Archer",
"Westbrook",
"Pearce",
"Dominga",
"Esther",
"Gerrie",
"Alley",
"Fraze",
"Georgi",
"Margaret",
"Aveline",
"Isiahi",
"Jock",
"Kris",
"Kandace",
"Annadiana",
"Vevay",
"Hadria",
"Field",
"Jacky",
"Perice",
"Trula",
"Friedrick",
"Paulina",
"Marty",
"Wesley",
"Celestyna",
"Candace",
"Abbot",
"Carolan",
"Katine",
"Lisha",
"Marten",
"Brier",
"Kendall",
"Cornall",
"Carr",
"Lurette",
"Angelia",
"Bradly",
"Travus",
"Nelle",
"Rori",
"Maje",
"Chet",
"Caesar",
"Marla",
"Ranice",
"Hinze",
"Kerrin",
"Thacher",
"Bonni",
"Ferdinande",
"Mylo",
"Shepard",
"Byran",
"Willyt",
"Milton",
"Tobin",
"Rich",
"Di",
"Berenice",
"Julienne",
"Hilarius",
"Sansone",
"Barr",
"Keefer",
"Guy",
"Huntlee",
"Jamil",
"Jakob",
"Andeee",
"Terrance",
"Gallagher",
"Matty",
"Adey",
"Chris",
"Georas",
"Hilario",
"Fidelia",
"Avie",
"Reg",
"Arabela",
"Reinhard",
"Heddi",
"Jessica",
"Marlon",
"Gilli",
"Rolph",
"Jori",
"Cobby",
"Erena",
"Flynn",
"Chico",
"Tuck",
"Ailey",
"Fraser",
"Gilburt",
"Ardith",
"Oralee",
"Shawn",
"Chrissy",
"Barron",
"Min",
"Lorita",
"Jilly",
"Carlen",
"Delia",
"Northrup",
"Marianne",
"Ginnifer",
"Beryle",
"Luke",
"Keven",
"Arlan",
"Codi",
"Maxie",
"Stu",
"Lyn",
"Jacquetta",
"Beatriz",
"Cathee",
"Darya",
"Arlen",
"Jared",
"Cherrita",
"Florinda",
"Tommi",
"Josi",
"Candida",
"Virge",
"Osborn",
"Hugh",
"Dalia",
"Vivi",
"Orsa",
"Rubina",
"Lisetta",
"Tibold",
"Jemmy",
"Pebrook",
"Afton",
"Elyssa",
"Buckie",
"Fernando",
"Ardenia",
"Hogan",
"Ondrea",
"Tildie",
"Hartwell",
"Bordy",
"Hugh",
"Ramona",
"Alard",
"Moises",
"Marigold",
"Adah",
"Torin",
"Druci",
"Joe",
"Drusie",
"Rhodie",
"Pall",
"Nicolas",
"Celle",
"Annadiana",
"Webb",
"Nonnah",
"Dixie",
"Walden",
"Rita",
"Iona",
"Yule",
"Cobby",
"Abbot",
"Thadeus",
"Jordan",
"Karina",
"Ellsworth",
"Marj",
"Ellynn",
"Fidelio",
"Francis",
"Fifi",
"Wallie",
"Laura",
"Karalee",
"Heather",
"Monty",
"Walden",
"Pietro",
"Filip",
"Galvan",
"Cati",
"Lidia",
"Lenore",
"Anderea",
"Kitty",
"Jermaine",
"Kaleb",
"Lincoln",
"Cherice",
"Derron",
"Bernie",
"Willdon",
"Benita",
"Dorotea",
"Idette",
"Nolan",
"Issiah",
"Giuseppe",
"Alexina",
"Chelsie",
"Doretta",
"Ursola",
"Zsa zsa",
"Jewell",
"Evelin",
"Merwin",
"Katha",
"Friedrich",
"Belva",
"Jae",
"Eleanora",
"Heidi",
"Darline",
"Dagmar",
"Pauline",
"Ludovika",
"Finlay",
"Deny",
"Libbey",
"Stanislaus",
"Bancroft",
"Jennie",
"Julissa",
"Connie",
"Carin",
"Ericha",
"Alford",
"Boy",
"Aloysius",
"Lesley",
"Florence",
"Lothario",
"Devy",
"Jenifer",
"Kyla",
"Heddie",
"Joelie",
"Rhona",
"Rhys",
"Raddie",
"Parke",
"Ciro",
"Orazio",
"Melissa",
"Hephzibah",
"Ferdinande",
"Scarface",
"Desi",
"Leeanne",
"Chiarra",
"Lulita",
"Vail",
"Dorine",
"Anestassia",
"Addie",
"Catarina",
"Anallese",
"Beret",
"Maia",
"Chrissy",
"Shellysheldon",
"Dennie",
"Talbot",
"Giffie",
"Maryanna",
"Carlos",
"Violet",
"Idalina",
"Jakie",
"Maighdiln",
"Maggee",
"Sonnie",
"Adair",
"Wake",
"Korrie",
"Karen",
"Giordano",
"Jelene",
"Gayle",
"Winne",
"Brianna",
"Ximenes",
"Arnie",
"Cissy",
"Aurie",
"Des",
"Heddie",
"Aryn",
"Dorolice",
"Byron",
"Lynne",
"Daile",
"Milton",
"Freeland",
"Sheffy",
"Leonie",
"Coleen",
"Alanah",
"Natassia",
"Dniren",
"Theo",
"Stephani",
"Mikel",
"Veriee",
"Bern",
"Leeanne",
"Saxe",
"Henryetta",
"Justine",
"Sosanna",
"Ethelred",
"Jessey",
"Jorie",
"Lawton",
"Sawyer",
"Leoline",
"Tawnya",
"Shoshana",
"Crissy",
"Rabi",
"Elnora",
"Amandi",
"Romola",
"Alexi",
"Even",
"Dani",
"Saxon",
"Cornall",
"Almire",
"Estrellita",
"Chevalier",
"Margret",
"Leona",
"Dalis",
"Drew",
"Dar",
"Oren",
"Basil",
"Orbadiah",
"Yolanda",
"Dido",
"Cordi",
"Jeannette",
"Melisent",
"Veriee",
"Fabien",
"Starlin",
"Edwin",
"Mayne",
"Vivyan",
"Siusan",
"Alica",
"Holly",
"Ricoriki",
"Griffin",
"Manny",
"Ephrem",
"Ulla",
"Nefen",
"Trisha",
"Harley",
"Harwilll",
"Patricio",
"North",
"Fransisco",
"Kiel",
"Hannis",
"Sonia",
"Marita",
"Aloysia",
"Fanya",
"Brien",
"Babs",
"Darnall",
"Tish",
"Marilyn",
"Aurilia",
"Rosabel",
"Verene",
"Gabbie",
"Jaquelyn",
"Marve",
"Christoph",
"Madelena",
"Tova",
"Gwendolen",
"Padraig",
"Mathew",
"Porter",
"Bryce",
"Berty",
"Sonny",
"Rodrique",
"Dita",
"Elvira",
"Corette",
"Janetta",
"Gert",
"Kendall",
"Maxy",
"Dru",
"Jaclin",
"Garek",
"Teddie",
"Craig",
"Lazarus",
"Leshia",
"Gretna",
"Bamby",
"Edeline",
"Bryna",
"Osborn",
"Lorry",
"Donaugh",
"Dwight",
"Marc",
"Clevey",
"Janaye",
"Cedric",
"Ashbey",
"Kirbee",
"Whit",
"Oriana",
"Karola",
"Nat",
"Margret",
"Benedetto",
"Jonah",
"Ivory",
"Rosamond",
"Mirabel",
"Marcel",
"Enos",
"Suzann",
"Marjory",
"Derron",
"Karoline",
"Elva",
"Samuele",
"Marlin",
"Kacy",
"Bax",
"Welby",
"Robinet",
"Jesus",
"Raphaela",
"Daloris",
"Giulia",
"William",
"Elroy",
"Griselda",
"Culver",
"Devi",
"Marsiella",
"Deeanne",
"Roana",
"Bernadine",
"Brock",
"Benedetto",
"Lucky",
"Moyna",
"Lindy",
"Agna",
"Merl",
"Winona",
"Giana",
"Bat",
"Mariette",
"Anthe",
"Inga",
"Abbey",
"Emylee",
"Rusty",
"Lonnie",
"Christophe",
"Catherin",
"Cassandry",
"Matt",
"Carl",
"Danita",
"Diana",
"Johannah",
"Chryste",
"Geoff",
"Megen",
"Cindra",
"Nicholle",
"Ebeneser",
"Cristabel",
"Cinda",
"Ronalda",
"Levey",
"Lisabeth",
"Kristen",
"Diana",
"Emmalynne",
"Emmerich",
"Selestina",
"Sol",
"Lilly",
"Noble",
"Aldrich",
"Sherwood",
"Dennis",
"Robinet",
"Ellissa",
"Hamid",
"Erv",
"Filippo",
"Burt",
"Hans",
"Jackson",
"Merv",
"Delmar",
"Robbyn",
"Isidora",
"Fredelia",
"Chelsey",
"Desirae",
"Gordon",
"Hasty",
"Ashley",
"Elenore",
"Sherie",
"Cora",
"Morris",
"Dyanne",
"Arlin",
"Jule",
"Maxy",
"Quent",
"Maximilian",
"Wileen",
"Ado",
"Moritz",
"Priscella",
"Lind",
"Sherwin",
"Douglass",
"Terrie",
"Dyanna",
"Julita",
"Sawyer",
"Molli",
"Gasper",
"Tricia",
"Zebulon",
"Chase",
"Larry",
"Tyrus",
"Nikki",
"Eberto",
"Hussein",
"Fleur",
"Kaylil",
"Minne",
"Kristi",
"Arleta",
"Rickard",
"Elysee",
"Rori",
"Carolann",
"Ansell",
"Arielle",
"Marne",
"Ruttger",
"Kimmie",
"Lian",
"Kylen",
"Felecia",
"Suzie",
"Blythe",
"Dudley",
"Bordie",
"Jacinda",
"Cami",
"Kitty",
"Rory",
"Koenraad",
"Brandi",
"Levon",
"Liane",
"Gothart",
"Odilia",
"Renato",
"Yardley",
"Ogdon",
"Chrystal",
"Jeremias",
"Marcello",
"Karim",
"Wiley",
"Myrah",
"Maud",
"Anastassia",
"Glenna",
"Alvis",
"Andrey",
"Aldis",
"Odetta",
"Gilberte",
"Shelli",
"Willem",
"Patrizio",
"Annelise",
"Karlyn",
"Maxie",
"Maryellen",
"Arri",
"Paddy",
"Esta",
"Charmian",
"Christoper",
"Hedwig",
"Bernadina",
"Grant",
"Mathias",
"Pearline",
"Reiko",
"Art",
"Paton",
"Bogey",
"Zitella",
"Francyne",
"Corrie",
"Robbie",
"Fran",
"Mariel",
"Gleda",
"Betti",
"Gregor",
"Giacomo",
"Gates",
"Rosana",
"Abie",
"Carmelita",
"Dagny",
"Hattie",
"Yorker",
"Ronalda",
"Even",
"Dukie",
"Wendall",
"Meredith",
"Alverta",
"Guillermo",
"Inga",
"Baron",
"Maressa",
"Georg",
"Thibaut",
"Barrie",
"Joelynn",
"Eddie",
"Bobinette",
"Shawnee",
"Gretchen",
"Afton",
"Carita",
"Cyrill",
"Germaine",
"Roana",
"Rheta",
"Ruth",
"Montague",
"Ara",
"Brien",
"Emmi",
"Benoite",
"Leeland",
"Joyous",
"Freddie",
"Casper",
"Godard",
"Montague",
"Mickie",
"Lizette",
"Bonita",
"Jacki",
"Honey",
"Iain",
"Lelah",
"Shena",
"Isabel",
"Giustina",
"Verla",
"Lucine",
"Angelica",
"Victoir",
"Dennison",
"Ardisj",
"Karlee",
"Garner",
"Julio",
"Mateo",
"Pammi",
"Lilly",
"Anna",
"Ellette",
"Angil",
"Avictor",
"Ogdon",
"Stevana",
"Donny",
"Manny",
"Dilan",
"Darrell",
"Charity",
"Mordecai",
"Dasha",
"Kai",
"Deva",
"Nowell",
"Alden",
"Haskell",
"Davon",
"Lev",
"Melvin",
"Hermine",
"Clarine",
"Domenico",
"Aimil",
"Bancroft",
"Onida",
"Courtnay",
"Adella",
"Urbain",
"Arabela",
"Tomasina",
"Timmie",
"Cherish",
"Jamey",
"York",
"Enrika",
"Henrieta",
"Mona",
"Desiree",
"Jacquelin",
"Nelle",
"Ludovico",
"Don",
"Joni",
"Elinore",
"Yetty",
"Robenia",
"Faun",
"Emanuel",
"Zacharias",
"Horatius",
"Ilario",
"Lanny",
"Nefen",
"Jermain",
"Dix",
"Zorina",
"Tanney",
"Fritz",
"Dodi",
"Kerrill",
"Romola",
"Salmon",
"Lena",
"Barney",
"Angie",
"Adelheid",
"Robbert",
"Thom",
"Obie",
"Maddy",
"Cissiee",
"Lezley",
"Agna",
"Nester",
"Ashil",
"Marlane",
"Emelyne",
"Wylma",
"Garrick",
"Reynold",
"Glennis",
"Daphna",
"Linet",
"Tadio",
"Karylin",
"Vivie",
"Petr",
"Broddy",
"Roosevelt",
"Giordano",
"Devina",
"Carly",
"Durante",
"Ethelbert",
"Pat",
"Issie",
"Janean",
"Burr",
"Pearle",
"Joell",
"Faulkner",
"Linnell",
"Diahann",
"Baxie",
"Ethan",
"Abbey",
"Yetta",
"Laurene",
"Lindsey",
"Hermy",
"Crichton",
"Nora",
"Miltie",
"Dukey",
"Olivero",
"Emmie",
"Sadie",
"Riccardo",
"Augusto",
"Teri",
"Sallyanne",
"Sergio",
"Mart",
"Sorcha",
"Brendin",
"Parker",
"Larisa",
"Darlene",
"Virgina",
"Wenona",
"Devlin",
"Jannelle",
"Lizzie",
"Nathanial",
"Maurits",
"Randee",
"Gigi",
"Arda",
"Giulia",
"Antoni",
"Sonny",
"Harrie",
"Sindee",
"Woodrow",
"Damaris",
"Harriet",
"Chen",
"Chalmers",
"Kippie",
"Cissy",
"Fifine",
"Delly",
"Maryjane",
"Jodie",
"Dennie",
"Louisette",
"Shaw",
"Nita",
"Guglielma",
"Cullie",
"Shell",
"Tiphanie",
"Dreddy",
"Robin",
"Carr",
"Corny",
"Jedidiah",
"Ahmed",
"Ann",
"Gardner",
"Elfrida",
"Meredith",
"Aurelie",
"Shandee",
"Clair",
"Loella",
"Ericka",
"Kiah",
"Marigold",
"Meredith",
"Tracy",
"Grissel",
"Shelba",
"Kiley",
"Christina",
"Jesus",
"Rozanna",
"Gerti",
"Kat",
"Karel",
"Herb",
"Heidi",
"Elisa",
"Gusti",
"Dermot",
"Leone",
"Risa",
"Kelly",
"Andreana",
"Lexi",
"Sindee",
"Wernher",
"Nan",
"Ursala",
"Peggi",
"Charley",
"Danit",
"Deeyn",
"Esma",
"Aubert",
"Sharona",
"Janessa",
"Casie",
"Aurthur",
"Alford",
"Berty",
"Vincenty",
"Bone",
"Evey",
"Haskel",
"Ora",
"Giacomo",
"Dulcy",
"Jeanine",
"Jarvis",
"Basilius",
"Nedi",
"Matthiew",
"Reagan",
"Bailey",
"Mario",
"Charleen",
"Anastasie",
"Lyndell",
"Freeman",
"Berrie",
"Abra",
"Everard",
"Jeth",
"Franky",
"Jeremias",
"Othella",
"Tibold",
"Ester",
"Myrwyn",
"Roxi",
"Regen",
"Schuyler",
"Tatiania",
"Ceil",
"Larina",
"Emmy",