first_name,last_name
Dalston,Machent
Karylin,Hutchins
Anet,Davidovich
Hanson,Dabnor
Jeralee,Henrichsen
Osmund,Kenford
Rae,Jaan
Willie,Tomasian
Celka,Dilrew
Chryste,Reedman
Shayna,Ceyssen
Daphne,Matushevitz
Viva,Savage
Jacquetta,Littrell
Jorey,Maulkin
Dominick,Loxdale
Bonnie,Harling
Jessie,Boyles
Luelle,Scintsbury
Esma,Brislane
Trixy,Woodrough
Robbi,Arboine
Lib,Willacot
Margaretta,Kain
Gwenette,Packman
Jordon,Veighey
Rolph,Dominichelli
Tiphany,Ducker
Morley,Olivari
Hewet,Launchbury
Lexie,Fareweather
Winifred,Fritchly
Demetra,Osgar
Jaquelin,Jiran
Flossy,Spelwood
Roanna,Izon
Archer,Biasioni
Westbrook,Squibbes
Pearce,Kunneke
Dominga,McColm
Esther,Squibbs
Gerrie,Millom
Alley,Sterre
Fraze,Vinick
Georgi,Hevner
Margaret,Piper
Aveline,Collelton
Isiahi,Earey
Jock,Boodle
Kris,Tarver
Kandace,Wragg
Annadiana,Comini
Vevay,Inglefield
Hadria,McLafferty
Field,McKniely
Jacky,Blunsom
Perice,Pack
Trula,Cubitt
Friedrick,Daybell
Paulina,Kiellor
Marty,Harce
Wesley,Burras
Celestyna,Shewen
Candace,McNeillie
Abbot,Jerrom
Carolan,Milliken
Katine,Trass
Lisha,Roget
Marten,Lally
Brier,Halton
Kendall,Bartzen
Cornall,Mullins
Carr,Watford
Lurette,Hills
Angelia,Hammel
Bradly,Zelake
Travus,Yexley
Nelle,Feathersby
Rori,Barson
Maje,Braxton
Chet,Pagden
Caesar,Spellissy
Marla,MacTerrelly
Ranice,Lebourn
Hinze,Dollman
Kerrin,Chelnam
Thacher,Bernardin
Bonni,Jery
Ferdinande,Rolfs
Mylo,Goold
Shepard,Rodson
Byran,Markovich
Willyt,Sibthorp
Milton,Longmuir
Tobin,MacNair
Rich,Faye
Di,Keay
Berenice,Le Quesne
Julienne,Adame
Hilarius,Donnett
Sansone,Posnette
Barr,Tarpey
Keefer,Pikesley
Guy,Kneesha
Huntlee,Seddon
Jamil,Josum
Jakob,Anney
Andeee,Schwaiger
Terrance,Nuzzti
Gallagher,Simukov
Matty,Davidove
Adey,Stonehouse
Chris,Morfell
Georas,Vannikov
Hilario,Godmer
Fidelia,Camies
Avie,Wall
Reg,Pitchers
Arabela,Jostan
Reinhard,Maybey
Heddi,Coard
Jessica,Bossingham
Marlon,Aleso
Gilli,Toogood
Rolph,Bahde
Jori,Banbury
Cobby,Digg
Erena,Catterick
Flynn,Bridgeman
Chico,Izzat
Tuck,Whiten
Ailey,Makepeace
Fraser,Brightwell
Gilburt,McInility
Ardith,Klass
Oralee,Boynton
Shawn,Abramowsky
Chrissy,Malia
Barron,Hendron
Min,Harbert
Lorita,Scottesmoor
Jilly,Candlin
Carlen,Snadden
Delia,Darke
Northrup,Knibley
Marianne,Simons
Ginnifer,Baroch
Beryle,Mackelworth
Luke,Denison
Keven,Leyson
Arlan,Mallaby
Codi,Varndall
Maxie,Frackiewicz
Stu,Beaten
Lyn,French
Jacquetta,Braffington
Beatriz,Fuentes
Cathee,Skoyles
Darya,Davidde
Arlen,Cracker
Jared,Handrock
Cherrita,Dowty
Florinda,Flukes
Tommi,Garbutt
Josi,Lohan
Candida,Ceschi
Virge,Arsnell
Osborn,Dorrins
Hugh,Stainburn
Dalia,Sames
Vivi,Spurrett
Orsa,Cherrison
Rubina,Bierman
Lisetta,Clearley
Tibold,Rolingson
Jemmy,Basnett
Pebrook,Frankel
Afton,Hedge
Elyssa,Spiring
Buckie,Carbry
Fernando,Zamudio
Ardenia,Mc Gorley
Hogan,Coit
Ondrea,Glenn
Tildie,Broyd
Hartwell,Guildford
Bordy,Goracci
Hugh,Edler
Ramona,Ludron
Alard,Bellie
Moises,Keenlayside
Marigold,Merkle
Adah,O'Ruane
Torin,Powlett
Druci,Deards
Joe,Brearton
Drusie,Chattelaine
Rhodie,Falkner
Pall,Cawthorn
Nicolas,Compfort
Celle,Gilli
Annadiana,Darridon
Webb,Armall
Nonnah,Moreby
Dixie,Feldklein
Walden,Buckham
Rita,Blasio
Iona,Bagster
Yule,Basten
Cobby,Klazenga
Abbot,Tame
Thadeus,Scanlon
Jordan,Benzi
Karina,Moyle
Ellsworth,Farndell
Marj,Bezarra
Ellynn,Wasbrough
Fidelio,Squibb
Francis,Kettlestringe
Fifi,Rother
Wallie,Pyecroft
Laura,Banger
Karalee,MacBrearty
Heather,Lafranconi
Monty,Tween
Walden,O' Kelleher
Pietro,Bloxsum
Filip,Janssen
Galvan,Boyse
Cati,Thorogood
Lidia,Wesgate
Lenore,Yandle
Anderea,Pencott
Kitty,Haslen
Jermaine,Kimmins
Kaleb,Arents
Lincoln,Mainston
Cherice,Haye
Derron,Orpyne
Bernie,Binning
Willdon,Nulty
Benita,Twiggins
Dorotea,Ludron
Idette,Paniman
Nolan,Spurriar
Issiah,Micklewicz
Giuseppe,Larraway
Alexina,Nock
Chelsie,Vicary
Doretta,Spino
Ursola,Barrowcliffe
Zsa zsa,Loughhead
Jewell,Dunn
Evelin,Deignan
Merwin,Portinari
Katha,Chadwell
Friedrich,Usherwood
Belva,Creddon
Jae,Crother
Eleanora,Sander
Heidi,Follin
Darline,McIlriach
Dagmar,Marwick
Pauline,Bewfield
Ludovika,Fazakerley
Finlay,Hartzog
Deny,Worner
Libbey,Eade
Stanislaus,Carette
Bancroft,Pepye
Jennie,Thunnercliff
Julissa,Yellowlee
Connie,Eggins
Carin,Mabbot
Ericha,Veck
Alford,Farrall
Boy,Andersch
Aloysius,Haslam
Lesley,Grivori
Florence,Kinane
Lothario,Kuhndel
Devy,Pedder
Jenifer,Speddin
Kyla,Vasin
Heddie,Vigietti
Joelie,Ivel
Rhona,Casarini
Rhys,Rastall
Raddie,Reid
Parke,Damant
Ciro,Burgett
Orazio,Duckers
Melissa,Cumpsty
Hephzibah,Skatcher
Ferdinande,O'Duane
Scarface,Vigars
Desi,Bettison
Leeanne,Dominiak
Chiarra,Mahaddie
Lulita,Reddings
Vail,Howat
Dorine,Trethowan
Anestassia,Mouse
Addie,Da Costa
Catarina,Woodthorpe
Anallese,Dawtry
Beret,Ahmad
Maia,Domerque
Chrissy,Nellies
Shellysheldon,Yakobovitz
Dennie,Houlaghan
Talbot,Hinkensen
Giffie,Silversmidt
Maryanna,McDonnell
Carlos,Wellbelove
Violet,Haylands
Idalina,Brimblecombe
Jakie,Dibden
Maighdiln,Clewley
Maggee,Penhall
Sonnie,Austick
Adair,Brownlie
Wake,Birckmann
Korrie,Burgum
Karen,Brooksbie
Giordano,Quarton
Jelene,Sebrens
Gayle,Fairy
Winne,Ebbins
Brianna,Moorey
Ximenes,Brodbin
Arnie,Corkell
Cissy,Croxon
Aurie,Abrahim
Des,Giovanardi
Heddie,Belchem
Aryn,Neames
Dorolice,Lack
Byron,Fadian
Lynne,Brickdale
Daile,MacGlory
Milton,Errichiello
Freeland,Sterke
Sheffy,Brecknall
Leonie,Saffon
Coleen,Kirkam
Alanah,Ansill
Natassia,Dodwell
Dniren,Lobb
Theo,Constantine
Stephani,Joppich
Mikel,Griffitt
Veriee,Bawcock
Bern,Strettle
Leeanne,Spencook
Saxe,Goodfellow
Henryetta,Abisetti
Justine,Drewery
Sosanna,Giorgiutti
Ethelred,Driscoll
Jessey,Konneke
Jorie,Stannard
Lawton,Vernon
Sawyer,Siddaley
Leoline,Rogeron
Tawnya,Stygall
Shoshana,Jiroutek
Crissy,Tripet
Rabi,Carek
Elnora,Alcorn
Amandi,Mowsdell
Romola,Rawlison
Alexi,Wroath
Even,Linnard
Dani,Barrand
Saxon,Hannond
Cornall,Howman
Almire,Satterfitt
Estrellita,Brittian
Chevalier,Leathem
Margret,Cutsforth
Leona,Sprott
Dalis,Malec
Drew,Sherer
Dar,Pochet
Oren,Bubear
Basil,Rodway
Orbadiah,Moniker
Yolanda,Kermit
Dido,Woolley
Cordi,Easeman
Jeannette,Buckingham
Melisent,Goodredge
Veriee,Bertholin
Fabien,Keld
Starlin,Aggis
Edwin,Fletcher
Mayne,Vuitte
Vivyan,Tarrant
Siusan,Brimilcome
Alica,Pitkeathly
Holly,Schmuhl
Ricoriki,Agirre
Griffin,Salomon
Manny,Tracy
Ephrem,Kingscote
Ulla,Shama
Nefen,Vanns
Trisha,Merryweather
Harley,Starmont
Harwilll,Jendrich
Patricio,Flahy
North,Airy
Fransisco,Favell
Kiel,Fullstone
Hannis,Northin
Sonia,Brake
Marita,Hendren
Aloysia,Cauthra
Fanya,Moakes
Brien,Lewtey
Babs,Makiver
Darnall,Cosgriff
Tish,Hawse
Marilyn,Redrup
Aurilia,Loosely
Rosabel,Fawke
Verene,Saffon
Gabbie,Agron
Jaquelyn,Avann
Marve,Ebbotts
Christoph,Oury
Madelena,Breakspear
Tova,Jerg
Gwendolen,Coplestone
Padraig,Selvey
Mathew,Billham
Porter,Ainslee
Bryce,Goalley
Berty,Ainsbury
Sonny,Cometto
Rodrique,Washington
Dita,Chettoe
Elvira,Iredale
Corette,Lindop
Janetta,Barrell
Gert,Andreasson
Kendall,Woodyear
Maxy,Feedome
Dru,Coger
Jaclin,Ashbee
Garek,Cheves
Teddie,Majury
Craig,Rolfo
Lazarus,Vern
Leshia,McMeekin
Gretna,Botcherby
Bamby,Batrop
Edeline,Portwaine
Bryna,Fonzone
Osborn,Nunns
Lorry,Burless
Donaugh,Eberts
Dwight,Ashurst
Marc,Finney
Clevey,Huburn
Janaye,Stroobant
Cedric,Guido
Ashbey,Stanbridge
Kirbee,Ruddiforth
Whit,Hearmon
Oriana,Sarjant
Karola,Fullard
Nat,Wordington
Margret,Ciccottini
Benedetto,Gillingham
Jonah,Bache
Ivory,Vuittet
Rosamond,Ettridge
Mirabel,Cool
Marcel,Trusty
Enos,Twyford
Suzann,Dugald
Marjory,Purchase
Derron,Mellem
Karoline,Akehurst
Elva,Tash
Samuele,Vanlint
Marlin,Croser
Kacy,Bwy
Bax,Brun
Welby,Pawellek
Robinet,Pyburn
Jesus,Odam
Raphaela,Barszczewski
Daloris,Piggot
Giulia,Kliner
William,Collie
Elroy,Douberday
Griselda,Stoodley
Culver,Rummery
Devi,Goodier
Marsiella,Halleybone
Deeanne,Howlett
Roana,Whyborn
Bernadine,Newiss
Brock,Kirkbright
Benedetto,Gonzales
Lucky,Le Fevre
Moyna,Elmer
Lindy,Cough
Agna,Cavey
Merl,Pryde
Winona,Adame
Giana,Moatt
Bat,Jackling
Mariette,Farlam
Anthe,Seale
Inga,Rousell
Abbey,Febvre
Emylee,Farrans
Rusty,Garlett
Lonnie,Priter
Christophe,Mullane
Catherin,Liebermann
Cassandry,Cudiff
Matt,Letch
Carl,Stonard
Danita,Bristoe
Diana,McCarlich
Johannah,Clement
Chryste,Hammel
Geoff,Christy
Megen,Bedford
Cindra,Crocumbe
Nicholle,Casement
Ebeneser,Izchaki
Cristabel,Ansley
Cinda,Jankovic
Ronalda,Hoolaghan
Levey,Burrett
Lisabeth,Verriour
Kristen,Sebyer
Diana,Guard
Emmalynne,Drydale
Emmerich,MacEnelly
Selestina,Meier
Sol,Berthe
Lilly,Qusklay
Noble,Dionis
Aldrich,Crouse
Sherwood,Dowdell
Dennis,Jacop
Robinet,Povey
Ellissa,Lewington
Hamid,Drewe
Erv,Loakes
Filippo,Estoile
Burt,De la Eglise
Hans,Yates
Jackson,Jewson
Merv,Gulleford
Delmar,Bratton
Robbyn,Kopfen
Isidora,Harteley
Fredelia,Schoenrock
Chelsey,Reaney
Desirae,Libero
Gordon,Pezey
Hasty,Evitt
Ashley,Challens
Elenore,Haburne
Sherie,Mingo
Cora,Cartmael
Morris,Edgcombe
Dyanne,Sieb
Arlin,Blesli
Jule,Bosward
Maxy,Mill
Quent,Digance
Maximilian,Lygo
Wileen,Pantecost
Ado,Tyght
Moritz,Edsall
Priscella,Bennington
Lind,Lawson
Sherwin,Grassot
Douglass,Barbie
Terrie,Botwright
Dyanna,Danilowicz
Julita,McRobb
Sawyer,Nunnerley
Molli,Bromige
Gasper,Nodes
Tricia,Aldwich
Zebulon,Oakinfold
Chase,Eyer
Larry,Bucktharp
Tyrus,Maliffe
Nikki,Pickance
Eberto,Miranda
Hussein,Sparrow
Fleur,Pinn
Kaylil,Mitchelmore
Minne,Bendelow
Kristi,Kordas
Arleta,Isherwood
Rickard,Philpot
Elysee,Congram
Rori,Greatbanks
Carolann,Forsdike
Ansell,Missen
Arielle,Jouhandeau
Marne,Rosson
Ruttger,Escale
Kimmie,Grishankov
Lian,Asken
Kylen,Bellchamber
Felecia,Crush
Suzie,Ghirigori
Blythe,Taborre
Dudley,Becerra
Bordie,Bearn
Jacinda,Beranek
Cami,MacGilmartin
Kitty,Slobom
Rory,Hunnybun
Koenraad,Pottell
Brandi,Losbie
Levon,Kalinsky
Liane,Broschek
Gothart,Chapell
Odilia,Paoli
Renato,Rymer
Yardley,Blunkett
Ogdon,Bogies
Chrystal,Cullon
Jeremias,Gonzalo
Marcello,Hiner
Karim,Caulcott
Wiley,Guynemer
Myrah,Derricoat
Maud,Gotcliff
Anastassia,Roz
Glenna,Faux
Alvis,Brimley
Andrey,Siviour
Aldis,Canon
Odetta,Beardwood
Gilberte,Gardener
Shelli,Prawle
Willem,Blowick
Patrizio,Harbord
Annelise,Cockaday
Karlyn,Gullivent
Maxie,Kilpatrick
Maryellen,McMennum
Arri,Brelsford
Paddy,Whapples
Esta,Stoves
Charmian,Blackaller
Christoper,Felder
Hedwig,Pedrozzi
Bernadina,Kline
Grant,Anselmi
Mathias,Clewley
Pearline,Ramos
Reiko,Featley
Art,Elnough
Paton,Ebunoluwa
Bogey,Goley
Zitella,Measor
Francyne,MacPaike
Corrie,Dowry
Robbie,Beagin
Fran,Bagenal
Mariel,Matzaitis
Gleda,MacCaughey
Betti,Jerrand
Gregor,Ryde
Giacomo,Willstrop
Gates,Adamov
Rosana,Bernette
Abie,Davidov
Carmelita,Telega
Dagny,Ben
Hattie,Spraggon
Yorker,Lobley
Ronalda,Oldroyde
Even,Broadberry
Dukie,Roach
Wendall,Foden
Meredith,Mercey
Alverta,Scullion
Guillermo,Benley
Inga,Spinella
Baron,Price
Maressa,Conner
Georg,Benmore
Thibaut,Ingray
Barrie,Cunniff
Joelynn,Halwell
Eddie,Capaldo
Bobinette,Oppy
Shawnee,Lugard
Gretchen,Dumbrill
Afton,Borit
Carita,Andrichak
Cyrill,Ambrosoni
Germaine,Ferson
Roana,Megson
Rheta,Cicco
Ruth,McAteer
Montague,Kock
Ara,Waterfield
Brien,Litzmann
Emmi,Follett
Benoite,Eastmond
Leeland,Meni
Joyous,Mosedall
Freddie,Loch
Casper,McQuin
Godard,Hillaby
Montague,Bowser
Mickie,Ghidetti
Lizette,Ballin
Bonita,Palfreeman
Jacki,Linneman
Honey,Sapsford
Iain,Sammars
Lelah,Lindwall
Shena,Connors
Isabel,Jude
Giustina,Janouch
Verla,Schindler
Lucine,Baynard
Angelica,Chiddy
Victoir,McIllroy
Dennison,Deathridge
Ardisj,Gumbley
Karlee,Townsend
Garner,Knudsen
Julio,Birchett
Mateo,Berrisford
Pammi,Norcross
Lilly,Scade
Anna,Krates
Ellette,Jamieson
Angil,Stainton
Avictor,Tourry
Ogdon,Boughen
Stevana,Westfalen
Donny,La Grange
Manny,Umfrey
Dilan,Colaton
Darrell,Sand
Charity,Bartlet
Mordecai,Austin
Dasha,Romera
Kai,Sholl
Deva,Eddowes
Nowell,Fairbourne
Alden,Hulkes
Haskell,Mitrovic
Davon,Wyness
Lev,Espie
Melvin,Bachs
Hermine,Tafani
Clarine,Ruggieri
Domenico,Joinson
Aimil,Osbourne
Bancroft,Flade
Onida,Scritch
Courtnay,McCombe
Adella,Frangione
Urbain,Pridden
Arabela,Pirt
Tomasina,Blastock
Timmie,Harding
Cherish,Huchot
Jamey,Tabrett
York,Screech
Enrika,Reece
Henrieta,Ubsdale
Mona,McGloughlin
Desiree,McDonand
Jacquelin,Philipson
Nelle,Summerscales
Ludovico,Piggott
Don,Lamberteschi
Joni,Eberst
Elinore,Rushe
Yetty,McCerery
Robenia,McTague
Faun,Corah
Emanuel,Gadie
Zacharias,Po
Horatius,Craik
Ilario,Spriggen
Lanny,Arsey
Nefen,Hymus
Jermain,Morman
Dix,Witherden
Zorina,Beiderbecke
Tanney,Hawler
Fritz,Bewshea
Dodi,Slixby
Kerrill,Mingard
Romola,Brosini
Salmon,Ricardin
Lena,Copcott
Barney,Juggings
Angie,Hush
Adelheid,Seyffert
Robbert,Biddlestone
Thom,Bahl
Obie,Vere
Maddy,Marfell
Cissiee,Santhouse
Lezley,Greenset
Agna,Pendall
Nester,Eastabrook
Ashil,Kalisz
Marlane,McLugish
Emelyne,Larret
Wylma,Barwick
Garrick,Lazenby
Reynold,Yakovlev
Glennis,Maruska
Daphna,Stollenberg
Linet,Beesley
Tadio,Pugsley
Karylin,Yakunin
Vivie,Leighton
Petr,Iacopini
Broddy,Silbermann
Roosevelt,Screase
Giordano,Villiers
Devina,Peplow
Carly,Moyers
Durante,Simonetti
Ethelbert,Braybrook
Pat,Garwood
Issie,Pickthorn
Janean,Garret
Burr,Dorian
Pearle,Fulmen
Joell,Didsbury
Faulkner,Brant
Linnell,Sporton
Diahann,Cluely
Baxie,Finlaison
Ethan,Phelipeaux
Abbey,Nestle
Yetta,Sigward
Laurene,Bisiker
Lindsey,Donneely
Hermy,Andresen
Crichton,Hatchard
Nora,Jolliss
Miltie,Thurstance
Dukey,Wain
Olivero,Crawley
Emmie,Smallshaw
Sadie,Chart
Riccardo,Legerton
Augusto,De Domenico
Teri,Spadari
Sallyanne,Mellers
Sergio,Leidl
Mart,Siseland
Sorcha,Skelbeck
Brendin,O'Collopy
Parker,Cokly
Larisa,Shadbolt
Darlene,Colles
Virgina,Carvell
Wenona,Filipovic
Devlin,Kinnerk
Jannelle,Hannigane
Lizzie,Barrott
Nathanial,Curd
Maurits,Hazzard
Randee,Brookfield
Gigi,Beyn
Arda,Cocher
Giulia,Sandcroft
Antoni,Looby
Sonny,Cockrem
Harrie,Hornig
Sindee,Heddon
Woodrow,Monnelly
Damaris,Calderonello
Harriet,Roxbee
Chen,Byron
Chalmers,Phillp
Kippie,Oddey
Cissy,Thuillier
Fifine,Capper
Delly,de Pinna
Maryjane,Beau
Jodie,Creek
Dennie,Aisthorpe
Louisette,Van Castele
Shaw,Anan
Nita,Tarquini
Guglielma,McConway
Cullie,Gotliffe
Shell,Nannini
Tiphanie,Skirvin
Dreddy,Lacknor
Robin,Luebbert
Carr,Everingham
Corny,Mebs
Jedidiah,Gounot
Ahmed,Brimley
Ann,Linklater
Gardner,Mordy
Elfrida,Filippi
Meredith,Varnes
Aurelie,Sivills
Shandee,Fuller
Clair,Brunone
Loella,Dossit
Ericka,Peploe
Kiah,Augie
Marigold,Simoncello
Meredith,Gutowski
Tracy,Corson
Grissel,De Pietri
Shelba,Magne
Kiley,Gladdolph
Christina,Beatson
Jesus,Hakking
Rozanna,Cragoe
Gerti,Stains
Kat,Shiel
Karel,Dugald
Herb,Gargett
Heidi,Montier
Elisa,Cleaton
Gusti,Remmers
Dermot,Offell
Leone,Robbey
Risa,McIlvoray
Kelly,Joannet
Andreana,Moyer
Lexi,Laroux
Sindee,Gersam
Wernher,Dishman
Nan,Vell
Ursala,Barefoot
Peggi,Geal
Charley,Baudou
Danit,Poacher
Deeyn,Cosans
Esma,Haliburn
Aubert,Licciardi
Sharona,Chettoe
Janessa,Huguenet
Casie,Runnicles
Aurthur,Crawshay
Alford,Halwood
Berty,Winckle
Vincenty,Gott
Bone,Northrop
Evey,Hanbury
Haskel,Bonder
Ora,Gronno
Giacomo,Hurll
Dulcy,Corck
Jeanine,McElhinney
Jarvis,Kerridge
Basilius,Winfindale
Nedi,Lamburne
Matthiew,Corston
Reagan,Hadden
Bailey,Delos
Mario,Ritson
Charleen,Lampkin
Anastasie,Twyning
Lyndell,MacClenan
Freeman,Celloni
Berrie,Janicki
Abra,Kunneke
Everard,Dobrovolski
Jeth,Hierro
Franky,Decourt
Jeremias,MacParlan
Othella,Begin
Tibold,Kirrage
Ester,Godmer
Myrwyn,Matejovsky
Roxi,Layson
Regen,Dudden
Schuyler,Pickless
Tatiania,Ellicock
Ceil,Fidal
Larina,Mattholie
Emmy,Scogings
